,text
0,shop price drops on in stock face masks and get free shipping  now       masks  facemasksâ€¦  
1,getting it yet folks everything's going to plan evil will triumph over good 'only we can stop it'   lockdownâ€¦  
2,red face mask fitted over the head adjustable blue face covering colorful aboriginal art print scarlet crimson rubyâ€¦  
3,  enforce  facemasks or we wonâ€™t shop itâ€™s that simple boise  boisetwitter  maskholes
4,navy stars face mask with toggle adjustable face mask stars and stripes batik cotton fitted over the head fashion fâ€¦  
5, zazzle  graphic cloth  facemasks  camouflage all colors  usaflags   military     
6,pink flowers face mask blue floral adjustable fitted  facemask handmade usa  etsyshop  etsyhandmade  facemasksâ€¦  
7, coffee face mask  retro black red adjustable fitted  facemask handmade usa etsyshop  etsyhandmade  facemasksâ€¦  
8,check out  facemasks by susana   flowers  easter  food  beverages  animals  sports  janeausten  pemberley  regency â€¦  
9,scissors face mask  hair stylist  hairdresser  cosmetology  sewing gold orange  facemask handmade usaâ€¦  
10, bekind  besafe  oneofakind  facemasks $15 or 2 for $25 free shipping anywhere  dm if interested   sherriready  
11,we're all going to be wearing  facemasks for a while  which is all the more reason to find one that you like with aâ€¦  
12,dm us to place your order skateboarding  skateboard  apparel  tshirt  tshirts  hoodie  facemask  facemasksforsaleâ€¦  
13,red face mask reusable washable cotton over the head face mask scarlet crimson ruby red print face coveringâ€¦  
14,sadly  with an increased use of single use face masks we've also seen an increase in the amount of masks being littâ€¦  
15,match your drink with this cutesie boba mask ğŸ§‹ğŸ§‹ğŸ¤—  handmade  boba  bobatime  bobamask  facemasks  sewing  matching  
16,shop price drops on in stock face masks and get free shipping  now       masks  facemasksâ€¦  
17,chic zebra stripes pink roses trendy pattern premium face mask     covid  facemasks  covid19â€¦  
18,here's the lightning collection on bandanas   art  artist  artwork  artsy  bandanasâ€¦  
19,happy spring check out what's new in the shop - gifts for easter mother's day travel vacation plans home + kitchenâ€¦  
20,check out  facemasks by susana   flowers  easter  food  beverages  animals  sports  janeausten  pemberley  regency â€¦  
21,gray face mask pink sand green neutrals geometric adjustable fitted  facemask handmade usa  â€¦  
22,i am earning huge here right now and getting paid to build my list    makemoneyonlineâ€¦  
23,more robust than standard surgical masks or simple cloth bandanas  the kn95 face mask features a 5-layer design andâ€¦  
24,check our latest  infographic on the 4 reasons to continue wearing  masks after  vaccination  facemask  breathe99â€¦  
25,pink green face mask adjustable handmade  etsyshop  etsyhandmade  facemasks  facemasksforsale  fashion  giftideasâ€¦  
26, belfast art on metal &amp;    wallart  homedecor  phonecases  coffee  mugs  fleeceblanketsâ€¦  
27,ğŸŒ¸âœ‹ğŸŒ¼ğŸ˜·ğŸ’®ğŸ‘ğŸŒ¸ğŸ˜·ğŸŒ¼âœ‹ğŸ’® facemasks  facemasks4all gifts  shoppingonline  healthandsafety  socialdistancing  quarantineâ€¦  
28, bumblebee face mask purple white silver metallic  bees fitted  facemask handmade usa  â€¦  
29,face masks &amp; neck gaiters ğŸ˜·  deadposhuk  thesmiths  morrissey  johnnymarr  tshirtdayâ€¦  
30,a crochet specialty and sewing shoppe in new england handmade kitchen &amp; bath goods face masks &amp; gifts  etsyâ€¦  
31,as the pandemic progresses  more attention is being paid to incorporating design features that improve mask fit   lâ€¦  
32,water repellent mask ğŸš« virusğŸš« pm 2 5ğŸ’™ smooth fabric ğŸ‘‰ fit every size with neck stripes ğŸ‘‰ free pm 2 5 filter ğŸ‘‰â€¦  
33,disposable face masks are in stock now for more information please contact sales -brands co uk ppeâ€¦  
34,that magic in the air is a 15% off sitewide sale  now through march 25  code  magic15  â€¦  
35,shop price drops on in stock face masks and get free shipping  now       masks  facemasksâ€¦  
36,don't miss the ppe blowout sale  get discounted sanitizers &amp; masks while supplies last    â€¦  
37,fuck off  face  mask   holographic  rainbow print black  cotton  facemask  reusable and washable  handmadeâ€¦  
38,  hereâ€™s what happened when i tested etsyâ€™s new face mask attributes   facemasksâ€¦  
39,black and white purple face mask fitted adjustable colorful cotton aboriginal art print purple face coveringâ€¦  
40,red face mask fitted over the head adjustable blue face covering colorful aboriginal art print scarlet crimson rubyâ€¦  
41,paisley face mask sage green cotton adjustable fitted  facemask earth tones classic  businesscasual handmade usaâ€¦  
42,   zazzle  headless  horseman  ichabod  crane  mask  facemasks  sleepyhollow  ny  newyorkâ€¦  
43,keep up the good work  thanks for sharing     patients  facemasks  newyork   
44,hiroshima peace memorial park  face mask by lyl dil creations  click on the link for more info   facemaskâ€¦  
45,classy tennis balls pattern sports premium face mask |      tennisâ€¦  
46,health &amp; fashion savvy yellow  graphicprintfacemask &amp; matching blouse facemaskshirtmatchsetâ€¦  
47,go on   treat yourselfâ£ï¸(ebay seller  loveashoplin link in bio)   facemask  facemasks  facemaskukâ€¦  
48,our caroline gardner face masks are made from soft 100% cotton  are fully adjustable and have a mouldable nose wireâ€¦  
49,ğŸ˜· ğ…ğšğœğ ğŒğšğ¬ğ¤ğ¬ ğğ¥ğğšğ¬ğ âœ… protect yourselfâœ… protect otherswe can also print your company logo on them find out mâ€¦  
50,brown face mask with toggle orange face mask colorful aboriginal art print adjustable over the head face covering wâ€¦  
51,from  wip to  finalpiece drawn in  ibispaintafrofuturistic ghanaian mask afrofuturism  ghanağŸ‡¬ğŸ‡­  tribalmaskâ€¦  
52,   facemasks don't works against virus  there is no law or court that will finde a person that don't weâ€¦  
53,reusable adjustable navy stars face mask white stars and stripes batik cotton over the head fashion face coveringâ€¦  
54,grand rising everyone  new start to the week and we are providing another local school in  kirklees with our transâ€¦  
55,cute brown hedgehog hugging a heart adult cloth face mask   via    hedgehog  facemask
56,wow  the amount of angst today around  facemasks   bordering delirium ğŸ˜‚ğŸ˜‚i have no problem at all with keeping thosâ€¦  
57,part of the  spring  facemask collection - check out all the pretty designs in the  etsy shop - adjustable cotton fâ€¦  
58,be smart &amp; inform yourself about  coronavirus  northerncalifornia  newsom  california  publichealth  cdcâ€¦  
59,when spectator games start again you'll be needing one of these  see all here   try it today â€¦  
60,deep discounts on in stock face masks plus free shipping  order now       masks  facemasksâ€¦  
61,navy blue face mask white polka dot  facemask handmade in usa    etsyshop  etsyhandmadeâ€¦  
62,over the head reusable adjustable mask with toggle black and white fitted face mask washable colorful aboriginal arâ€¦  
63, red  poppies  mask  poppies and water white  face  mask   cotton reusable and  washable mouth cover   avantgardeâ€¦  
64,discarded  facemask  plant  covid  pandemic  pandemiclife  covid_19  penge  southlondon  southeastlondon  londonâ€¦  
65,shop price drops on in stock face masks and get free shipping  now       masks  facemasksâ€¦  
66,dm us to place your order skateboarding  skateboard  apparel  tshirt  tshirts  hoodie  facemask  facemasksforsaleâ€¦  
67,red face mask aboriginal art print mask adjustable fitted over the head blue face covering scarlet crimson ruby redâ€¦  
68,wear it right âœ…âœ”ï¸ safer and more comfortable with the styleğŸŒºğŸŒ·ğŸŒ¿adults face mask collectiondm for orders or visitâ€¦  
69,men's face mask gray adjustable over the head cotton mask with toggle grey waves face coveringâ€¦  
70,proudly presenting the new   website   Â©grace clerc co  graceclercco  ecommercebusinessâ€¦  
71,adjustable burnt orange face mask with toggle colorful australia aboriginal art print orange brown spiritual womenâ€¦  
72,covid  masks and social distancing 'could last years' (bbc) -    coronavirus  facemasksâ€¦  
73,add some colour and fun to your wardrobe with these unique designs from casual dragon  â€¦  
74,ğŸ˜±ğŸ˜± use my code-nat22-for 15% off ğŸ‰ nataliemillscollection  nataliemillsambassador  facemask  uae  covid19  honuâ€¦  
75, kyiv official explains new requirement to wear  facemasks outdoors  covid19   
76, zazzle  graphic cloth  facemasks  camouflage all colors  usaflags   military     
77,pink diamond shield 100%cotton 2 layer face mask with filter pocket   stevenuniverseâ€¦  
78,masks play a vital role in reducing the spread of the coronavirus  but they can also cause skin irritation  avoidinâ€¦  
79,shop price drops on in stock face masks and get free shipping  now      masks  facemasksâ€¦  
80, wine face mask wine glass wine bottles grapes adjustable fitted  facemask handmade usa  â€¦  
81,we carry aloha shirts  antimicrobial face masks  dresses  swimwear and many more   favantâ€¦  
82,redbubble    tees  tshirts  apparel  hoodies  amazon  redbubble  dkskustomgear  kent73â€¦  
83,covid-19  first employment tribunal case for refusal to wear a facemask ukemplaw  facemasksâ€¦  
84,â³until march 26th prices across all our stores will remain the same (dm me regarding any designs that are out of sâ€¦  
85, jeans  blue  rozella  parrots  facemask   birds print blue  reusable and  washable mouth cover   handmade  animalâ€¦  
86,a beautiful moment by the african seashore new  facemasks   findyourthing  redbubble
87,hats off to   for offering a recycling scheme for single use  facemasks  with the millions of these endingâ€¦  
88,gold floral scissors hairstylist hair salon name premium face mask    facemasks  coronavirusâ€¦  
89,our dales  hedgehog  olson  facemasks are available in our  etsy shop     pop along and check ouâ€¦  
90,today only  20% off sitewide at   using code coffee regalos  ideasregalo  camisetasâ€¦  
91,shoutout to dutch designer   for these fully biodegradable  organic face masks that turn out flowers (â€¦  
92,why was there no flu   flu  health  pandemic  shots  vaccinations  n95  facemask
93,l e a d e r s h i p  &amp;  d i r e c t i o n 1812hrs 23;03 2021 oyostategovernment oyoworks everydaylifeâ€¦  
94,face masks in stock and on sale  order while supplies last       masks  facemasks  facemaskâ€¦  
95,skeletor - buy 4+ face masks get 20% off   â €  â €â €â €â € skeletorâ€¦  
96,a leading scientific expert says that whilst rules around  socialdistancing and  facemasks are likely to be scrappeâ€¦  
97,fluidprotect type iir procedure  facemasks with ear-loops (pack of 50) in stock at  intendeâ€¦  
98, facemasks  german  health ministry compensates  pharmacies (  apotheke ) â‚¬6 per mask ğŸ˜· with actual value of 60 cenâ€¦  
99,covid-19 3rd wave is hitting the world and you have to take the precautionary measures  shop face masks from amlifeâ€¦  
100,classy navy soccer balls pattern sports premium face mask |      soccerâ€¦  
101,aqua batik face mask teal blue gray purple watercolors adjustable fitted  facemask handmade in usaâ€¦  
102,happy st  patrick's day  don't forget to wear your green  )shop soothe    â€¦  
103,i love you to the moon and back fask mask from my original painting â€¦  
104,face masks 3 for Â£15{ } affiliate  zavviexclusive  zavvi  facemask  facemasks  sanitizerâ€¦  
105, vegetable medley face mask    facemask  farmersmarket  vegetablegarden  coveryourcoughâ€¦  
106,over the head reusable adjustable mask with toggle black and white fitted face mask washable colorful aboriginal arâ€¦  
107,you can use my codeğŸ‘‰swwsğŸ‘ˆat checkout to get 15% off your entire purchase at    jewelleryâ€¦  
108,colorful designer face mask with toggle multi color aboriginal art print mask adjustable face covering blue green yâ€¦  
109,adjustable over the head blue face mask cotton washable fashion blue face covering  â€¦  
110,blog | 2020  coronavirus has changed my world  part 1   blog  queensspeechâ€¦  
111, happystpatricksday  sherriready with a  new  facemask and  4leafclover for  goodluck ğŸ€ğŸ¥°   sherri's hair salon  
112,buy the fresh gel scented cleanser 100ml with a flip-top lid  the hand sanitizer contains 70% alcohol and is 99 9%â€¦  
113,hey   if anyone needs  ppe  our friends at   have  facemasks for sale  the regular disposable masks are $35â€¦  
114,gold floral scissors hairstylist hair salon name premium face mask    facemasks  coronavirusâ€¦  
115, bristolâ€™s ever-tedious army of braying far-lefties out in force  probably half of them thought the  london protestâ€¦  
116, poseidon -  god of the sea  facemasks that come in bright  fantasy  art  prints with an uplifting feel  machine waâ€¦  
117,axio has released two new samples for  handsanitiser and  facemasks  to support laboratories who are responsible foâ€¦  
118,ğŸŒ¸âœ‹ğŸŒ¼ğŸ˜·ğŸ’®ğŸ‘ğŸŒ¸ğŸ˜·ğŸŒ¼âœ‹ğŸ’® facemasks  facemasks4all socialdistancing  gifts  shoppingonline  healthandsafety  onlineshoppingâ€¦  
119,colorful designer face mask with toggle multi color aboriginal art print mask adjustable face covering blue green yâ€¦  
120,      tshirts  harleydavidson  bandannas  facemasks  rare  rock concerts  
121,dark green face mask cotton washable reusable adjustable over the head team colors green bay packers mask celtics jâ€¦  
122, black  floral  mask  black and  blue floral face mask   cotton reusable and  washable mouth cover   handmade filteâ€¦  
123,we have danlers branded face masks available - send us a dm if you'd like some   energysaving  staysafeâ€¦  
124,blue floral face mask   via    giftideas  gifts  facemask  cottonfacemask  
125,spring has sprung pretty-face mask shop online at â¬‡ï¸   shopping  spring  spring  happyâ€¦  
126,our nk99 xs butterfly shape mask are designed specially for kids and offer our standard minimum bfe/pfe protectionâ€¦  
127, mystical  blue  floral  print face mask   neoprene lycra  reusable and washable mouth cover   avantgarde  handmadeâ€¦  
128,need essentials  key west bait &amp; tackle is open for business  | takeout only | 8am to 4 pm -bait-lounge-at-keyâ€¦  
129,coral floral face mask yellow blue flowers  facemask handmade usa    etsyshop  etsyhandmadeâ€¦  
130,we offer modular face masks  shop our online store now   vts  vectortechnologysystems  ppe  masks  facemasksâ€¦  
131,cute chipmunk with autumn leaves hippie glasses adult cloth face mask   zazzle  facemaskâ€¦  
132,colorful designer face mask with toggle multi color aboriginal art print mask adjustable face covering blue green yâ€¦  
133,our star 2c ffp3 nr mask provides heavy-duty protection for everyone  it is advisable for high levels of airborne pâ€¦  
134,"all aboard  comrade  take a  royal ride on the "" fdr  train packed w/  comrades in love  stpaddys porn  drseussâ€¦  "
135, navy  polkadot  facemask   reusable and  washable  white mask  dust  face  mask  hairstylist and house work mask â€¦  
136,i wear a ğŸ˜· to stop spread of infectious disease that is airborne like  covid19  i also wear a ğŸ˜· to inhibit the deveâ€¦  
137,hibiscus floral face mask aqua pink  facemask handmade usa    etsyshop  etsyhandmadeâ€¦  
138,bluediamonds gift shop | amazon handmade  amazon  gifts  handmade  jewellery  giftshop  accessories  fashionâ€¦  
139,designer multi color face mask with toggle colorful aboriginal art print black and white adjustable face covering oâ€¦  
140,ğŸ’¥ on sale ğŸ’¥â €was $24 99â €now $19 99 you save 20% ($5 00)â €â €quality made masks with a comfortable fit and adjustablâ€¦  
141,save up to 30% off everything gifts  wallart  apparel  homedecor  office  tech  bags  furniture  tabletop  outdoorâ€¦  
142,red face mask aboriginal art print mask adjustable fitted over the head blue face covering scarlet crimson ruby redâ€¦  
143,covid  masks and social distancing 'could last years' (bbc) -    coronavirus  facemasksâ€¦  
144,blue face mask with toggle adjustable over the head fashion mask blue waves face covering  â€¦  
145, comfy masks $4 95 eachpromote a safe and healthy lifestyle along with your logo with oâ€¦  
146,over the head reusable adjustable mask with toggle black and white fitted face mask washable colorful aboriginal arâ€¦  
147, loveislove  rainbow  violet  glitter face  mask  white rainbow cloth mask   handmade  cotton  reusable  facemask â€¦  
148,rhinestone crescent moon necklace30%off entire store fashion  onlineboutique  jewelry celebrityinspiredâ€¦  
149,elegant batik face mask tonal yellow gold teal  facemask handmade in usa    etsyshopâ€¦  
150,vernon murray  president of emerson's welding &amp; assembly  discusses how branson  ultrasonicwelding technology has gâ€¦  
151, zazzle  custom  fabric  sale 20% off  code zazzlegift20 ends  mar17 2021     mar18  mar19â€¦  
152, handmade facemask washable blue abstract print re-useable cotton face covering | ebay  handmade  reusableâ€¦  
153,pretty pink roses flowers floral pattern feminine premium face mask    floral  flowers  covidâ€¦  
154,( ad) our review of the adjustable washable happy masks for kids and adults (including great video demo embedded) â€¦  
155,well  one of the secondary benefits of wearing a  facemask right now is the added aid in not inhaling so much pollen 
156,cotton face mask yellow pink teal blue  boho washable  facemask double layer fabric handmade usa    southwestern
157,it is officially time to shop the  mickeymas collection from   mickeymas  facemasksâ€¦  
158,if you want a fab new mask  in a variety of fabrics  check out my etsy page  more new fabrics coming soon - rainbowâ€¦  
159,if you are in need of ppe supplies  gorilla stationers has kn95  wipes  surgical masks  face shields  nitrile  andâ€¦  
160,got my  walmart grocery delivery complete and on time this morning  yay  the delivery included a freebie-perk-surprâ€¦  
161,honestly  when i saw this  facemask  i thought of cat's eye going to stick on my face  design  mask  
162, bekind  besafe  oneofakind  facemasks $15 or 2 for $25 free shipping anywhere  dm if interested   sherriready  â€¦  
163, bumblebee face mask  bees purple white silver metallic fitted adjustable  facemask handmade usa  etsyshopâ€¦  
164,purple anime 100%cotton face mask with filter pocket   via     etsy  anime  gamingâ€¦  
165,adjustable burnt orange face mask with toggle colorful australia aboriginal art print orange brown spiritual womenâ€¦  
166,are you looking to  buy  colourful  handmade  art  bags  facemasks  earrings - treat yourself  family and friends -â€¦  
167,pink feather face mask    feather  mask  facemask
168,a crochet specialty and sewing shoppe in new england handmade kitchen &amp; bath goods face masks &amp; gifts  etsyâ€¦  
169,ğŸ†• blogshot series on the effectiveness of physical interventions to stop or reduce the spread of viral ari  2nd  thâ€¦  
170, zazzle  graphic cloth  facemasks  camouflage all colors  usaflags   military     
171,happy spring check out what's new in the shop - gifts for easter mother's day travel vacation plans home + kitchenâ€¦  
172,deep discounts on in stock face masks plus free shipping  order now       masks  facemasksâ€¦  
173,teal blue pink floral face mask adjustable fitted  facemask handmade in usa    etsyshopâ€¦  
174,face masks  a new fashion accessory -   via   antipollutionfacemasks â€¦  
175, pumpkin  lilac  facemask   fitted fun floral  reusable and  washable  facemask  dust home choir face mask  hairstyâ€¦  
176, covid_19 concerns  we will certainly be feeling the sting of this for awhile  head over to  â€¦  
177, disneyland is reopening april 30     you will need a  facemask  buy something special to celebrate your return toâ€¦  
178,sold  3x tribal shaman blackwhite face mask â€¢ cpread the full article  popular face mask designsâ–¸â€¦  
179,over the head reusable adjustable mask with toggle black and white fitted face mask washable colorful aboriginal arâ€¦  
180,ğŸŒ¸âœ‹ğŸŒ¼ğŸ˜·ğŸ’®ğŸ‘ğŸŒ¸ğŸ˜·ğŸŒ¼âœ‹ğŸ’® facemasks  facemasks4all gifts  shoppingonline  healthandsafety  onlineshopping  socialdistancingâ€¦  
181,yet     made  facemask mandatory on all flights  but another  democrat seems to be  abovethelawâ€¦  
182,flower power face mask  retro colorful  flowers daisy adjustable fitted  facemask handmade usaâ€¦  
183,cotton face mask  floral rose blue double layer fabric washable reusable  facemask handmade in usa    gifts
184,keep the faith everyone  it's always darkest before the dawn   covid19  facemasksâ€¦  
185,floral face mask gray rose pink flowers adjustable fitted  facemask handmade usa  etsyshop  etsyhandmade  facemasksâ€¦  
186,anyone else starting to feel like facemasks are underwear for the face  we all want to know what's underneath  facemasks  underwear
187,   zazzle  custom  imagine  peace  central  park  nyc  photo  ny $12 95  fabric  maskâ€¦  
188,reusable adjustable navy stars face mask white stars and stripes batik cotton over the head fashion face coveringâ€¦  
189,revive clay mask- your go to for clarifying &amp; detoxing your skin  the benefits of using a clay mask is that they caâ€¦  
190,yellow leaf creepy eyes pattern over blue mask by azzza | redbubble   natureloversâ€¦  
191,we're honoring  palmsprings  with  artdeco that may be a wall hanging  but also works well on  duvetcovers â€¦  
192,cotton fabric face masks   via    etsycanada  etsyshop  kidsfacemask  facemask  
193,ğŸŒ¸âœ‹ğŸŒ¼ğŸ˜·ğŸ’®ğŸ‘ğŸŒ¸ğŸ˜·ğŸŒ¼âœ‹ğŸ’® facemasks  facemasks4all gifts  shoppingonline  quarantine  healthandsafety  onlineshoppingâ€¦  
194,look good  ihavethisthingwithcolor  ihavethisthingwithcolour  birgitkoopsen  freedomcards  markmaking  crayolaâ€¦  
195,retro flower power face   via    giftideas  gifts  facemask  cottonfacemask  
196,bluediamonds gift shop | amazon handmade  handmade  snood  scarves  cowls  neckwarmers  facemasks  fashionâ€¦  
197,ğŸ“· jamieroxxartist  today in  roxxgear   the official  jamieroxx  popart paintings  merchâ€¦  
198,girl power 100%cotton face mask with filter pocket   via     facemask  mask  masksâ€¦  
199,red hearts abstract hand drawn boho style pattern adult cloth face mask  zazzle  mask  coronavirus  zazzleâ€¦  
200,as on opens up  do not let your guard down  keep yourself  your family  your employees safe  wear a face mask whenâ€¦  
201,got 15 minutes to spare help our researchers by completing a survey about your experiences of wearing face masksâ€¦  
202,womans cranberry merlot cotton face dust mask washable  facemask reusable fabric cloth cover handmade in usa  
203,we're all going to be wearing  facemasks for a while  which is all the more reason to find one that you like withâ€¦  
204,black and white face mask aboriginal art print mask adjustable over the head face covering bush tuckerâ€¦  
205,never let your guard down  stay safe with eume  eume protect+ 95 facemasks are ergonomically designed to give youâ€¦  
206,will look good on you  hailstate  mississippistate  classof2019  collegegraduate  graduatesession  graduatesâ€¦  
207,you take great care putting together outfits add astylish aqua blue floral face mask batik reversible adjustable fiâ€¦  
208,there's a lot of talk about wearing  facemasks  but not enough talk about what to do after we take them off  wash oâ€¦  
209,mutant in krakoan  available in our etsy store   krakoa  exovoomnia  etsy  mutants  marvel   comics  comicbooksâ€¦  
210,5 words 5 tags  wearing a mask shows kindness â €think of wearing a mask as a simple form of kindness that you canâ€¦  
211, sold from my   store this   benice  rainbow  facemask  thankyou  buyer in  california  usaâ€¦  
212,quality adult  men &amp; women's cloth  facemasks by   protect yourself &amp; make someone  laugh andâ€¦  
213,transparent face mask now available buy here    newarrivals  coronavirusprotectivegearâ€¦  
214, bumblebee face mask  bees purple white silver metallic fitted adjustable  facemask handmade usa  etsyshopâ€¦  
215,floral face mask brown pink earth tones adjustable  facemask warm colors handmade in usa   â€¦  
216,adjustable over the head blue face mask cotton washable fashion blue face covering  â€¦  
217,brown face mask with toggle orange face mask colorful aboriginal art print adjustable over the head face covering wâ€¦  
218,did you know that   stocks medical  industrial  and respirator  facemasks  â¡ï¸save $10 on aâ€¦  
219, turquoise  mint  lace  facemask  cotton jersey 3 layer   bridesmaids  mask   bridal  wedding face mask   handmadeâ€¦  
220,preview of me on my first night out post-covid due to face masks making me forget how to apply lipstickğŸ™ˆğŸ¤ª covid19â€¦  
221,blue face mask with toggle adjustable over the head fashion mask blue waves face covering  â€¦  
222,don't forget to wear your mask or you will kena saman weh  check out cool facemask at  cliâ€¦  
223,25% off  facemasks in my store  use code zweddingplan at checkout   monarch  butterfly  butterflies  staysafeâ€¦  
224,wearable art available on yoga leggings  dresses  skirts  tops  bags  scarves &amp; more  click my link to shop â€¦  
225,"participants needed for online survey topic  ""covid-19 beliefs and preventative measures""  â€¦  "
226,colorful aboriginal art print face mask with toggle black and white adjustable face covering over the head mask busâ€¦  
227,the  firstdayofspring is here ğŸ’›can you spot our 'snap me up'  facemask â‰ï¸ğŸŒ»our  facemasks can also be great to hâ€¦  
228, facemask serves as a barrier &amp; limits the spread of  covid19 while wearing  facemask ensure that it covers yourâ€¦  
229,deep discounts on in stock face masks plus free shipping  order now       masks  facemasksâ€¦  
230,let's stay safe out here  new mask in to keep you safe and standing out  remember be exclusive  be a statement  beâ€¦  
231,india is at the glimpse of facing  covid19 second wave because of social stupidity  how can we stop it  1  wearingâ€¦  
232,classy bowling ball sports personalized premium face mask    sports  bowling  covidâ€¦  
233,my sister bought me a face mask from    sooo pretty  jimweaver  facemask  
234,  it's  toosoon to  goto  normal w/o  facemasksğŸ˜·  people  should  wait for 2nd  shot ofâ€¦  
235,how sad is this   facemasks  
236, handmade facemask washable blue/grey dogs re-useable cotton face covering | ebay  reusable  washable  cottonâ€¦  
237,ffp2  facemasks from  - reduces the chance of infection- protects against harmful substancâ€¦  
238,    wing hong seto   - this is specially for the maskier-than- thou-brigade whom notâ€¦  
239,chic leopard print zebra stripes pink roses floral premium face mask    covid  facemasksâ€¦  
240,a great pamper afternoon for our ladies     pamperday   mondaymood  facemasks  
241,just gonna leave this here    ğŸ™ˆğŸ™ˆğŸ™ˆ covidãƒ¼19  who  covid19  covidiots  media  masks  mask  facemask  facemasksâ€¦  
242,no gaps  no infection a properly fitted face mask can better prevent the covid-19 pathogen from reaching your mouâ€¦  
243,your  facemask needs to cover your nose and mouth   the elastic around your ears is loose and needs to be tightened   
244,pink green face mask tropical adjustable soft elastic  facemask handmade usa  etsyshop  etsyhandmade  facemasksâ€¦  
245,black 100%cotton face mask with filter pocket   via    goth  gothic  washablefacemaskâ€¦  
246,dark blue floral face mask batik reversible adjustable  facemask handmade in usa    etsyshopâ€¦  
247, green  khaki  fitted  camouflage face mask  reversible  military style  camo  facemask  reusable and  washable mouâ€¦  
248, sharedprojectshow electronic hobbists wear a mask  _arduino added led light and sound sensor to his mask uâ€¦  
249,spring's picture window    springishere  art  coveredbridge  spring  thephotohour  onlineshopâ€¦  
250,sweden in a nutshell  1 year later we are discussing slippery comments on twitter  made by marie who is working atâ€¦  
251,we're all going to be wearing  facemasks for a while  which is all the more reason to find one that you like with uâ€¦  
252,am i the only one driving a car with a â€œtalking closetâ€  air masks have certainly joined air bags in the safety dâ€¦  
253,discover dkskustomgear designs online | spreadshirt    tees  tshirts  apparel  hoodiesâ€¦  
254, _musicreview   have to say that's the reason were in this fucking mess its the  default answerâ€¦  
255,this  fashionfriday we take a look at library face masks   how are you sharing your unique style  library and fashiâ€¦  
256,our full range of  liberty  olson  facemasks are available in our  etsy shop  choose from  facemasks  â€¦  
257,we customize  facemasks  
258,1  hour  left  zazzle  custom  facemasks  masks  mask  sale 30% off  code marchtreat4u ends  mar21 2021â€¦  
259,    long thread   dontwearamaskchallenge facemasks  facemask  maskfake security in a fabâ€¦  
260,you wanna look good but you have to save yourself from this pandemic  amlife is here for you  get our premium printâ€¦  
261, kids  soccer balls face mask -  sports - blue -  cotton - adjustable ear loops fitted  facemask - unisex - child -â€¦  
262, zazzle  bibleverse and cute graphic cloth  facemasks lots more designs coming as they clear reviewâ€¦  
263, neoprene  yellow  floral face mask  one layer  scuba adjustable face mask  neoprene  reusable and  washable mouthâ€¦  
264,ğŸ€ happy  stpatricksday   from    whatever the occasion  we have a  facemask to fit  supplied personalisedâ€¦  
265,have you entered the  giveaway yet     giveawayalert  giveaways  entertowin  facemaskâ€¦  
266,disadvantage of nose-maskif you have mouth odour  when you yarn  you will feel it yourself if your mouth odour isâ€¦  
267,black and white purple face mask fitted adjustable colorful cotton aboriginal art print purple face coveringâ€¦  
268,new artwork &amp; accessories for sale- â€œnascar daytona 2â€ğŸ  daytona500  daytonaÂ  nascarÂ â€¦  
269,men's face mask gray adjustable over the head cotton mask with toggle grey waves face coveringâ€¦  
270,how far into the pandemic was it before you realized you had a favorite face mask  thatâ€™s not just me  right â€¦  
271,chic leopard print pink roses modern pattern premium face mask    covid  facemasks  covid19â€¦  
272,navy blue face mask white polka dot  facemask handmade in usa    etsyshop  etsyhandmadeâ€¦  
273,wanna keep up the fashion and be safe at the same time  shop our printed facemask and keep up with the fashion alonâ€¦  
274,with our top quality hitexdisposable face masks   we guarantee a safe and high standard of care our world deserâ€¦  
275,protective face mask dispensershop now   used in schools  offices  factories  restaurantsâ€¦  
276,plus ultra 100%cotton face mask with filter pocket   via    facemask  masks   animeâ€¦  
277, _successmatters dealing in  facemasks at ever lowest rates from pakistan as a soul operator ğŸ™‚
278, disneyland is reopening april 30     you will need a  facemask  buy something special to celebrate your return toâ€¦  
279,black 100%cotton face mask with filter pocket   via    goth  gothic  washablefacemaskâ€¦  
280,find you a man who looks at you with dreamy eyes like george stephanopoulos swoons over joe bidenâ€¦  
281,loving these needham phoenix items printed and embroidered this week  class  facemasks  trainingwear  coaches  joma  
282,exercise and keep fit  under armour face mask cover 3 layer washable breathable  gym workout sports buy now -â€¦  
283,always do your best  what you plant now  you will harvest later  - og mandino  shopğŸ›’   ğŸ’¯â€¦  
284, chemistry  face  mask   black and  white science print  facemask   reusable and  washable folded  facemask withâ€¦  
285,maga - face maskget it here    bandana  mask  scarf  maskoff  facemask  dustmaskâ€¦  
286, eastcamden  reform   bigox  facemask 50pcs masks (black/blue) by bigox via  amazon   
287,find all your ppe needs at lowest prices ever  all  ppeproducts are in stock and ready to ship today - free shippâ€¦  
288,black 100%cotton face mask with filter pocket   via    goth  gothic  washablefacemaskâ€¦  
289,30% off  facemasks with code marchtreat4u   via    facemask  facemasksforsale  covid19â€¦  
290,colorful designer face mask with toggle multi color aboriginal art print mask adjustable face covering blue green yâ€¦  
291,new protective face masks adapted to the new rules and regulations  they fit the face covering the mouth  nose andâ€¦  
292,new design 'pink and purple floral' fitted mask   15% off sitewide sale  now through marchâ€¦  
293, rottweiler  facemasks that come in bright  art  prints with an uplifting feel  perfect for use during the warm sumâ€¦  
294,today is world water day  we can all make our oceans and waterway safer - use a reusable mask   silverguardâ€¦  
295,i wanted to try my hand at facemask designs  primarily as a gift for a friend  thus the subject of who i was originâ€¦  
296,3-ply disposable colourful face masks ğŸ˜· - fashionable protection- comfortable &amp; breathable* pack of 50 units   r9â€¦  
297,happy  spring ğŸŒ· facemasks   faceshields &amp;  goggles not only  protect you from  covid  but also from  allergens caâ€¦  
298,ears and cheers  we print facemasks  yourimprinthere  facemasks  masks  facecoverings  adultmasks  printedmasksâ€¦  
299,wear it right âœ…âœ”ï¸ safer and more comfortable with the styleğŸŒºğŸŒ·ğŸŒ¿dm for orders or visit our store â€¦  
300,tonal blue face mask ocean blue and pink ombre splash batik cotton handmade in usa  â€¦  
301, bootsuk  amazon  superdrug  coronavirus  facemasks best disposable face masks to keep you protected when uk restriâ€¦  
302,paisley face mask sage   via    giftideas  gifts  facemask  cottonfacemask  
303,  really  new knowledge feels like it boils down to  facemasks   stayathome and  lockdown  get  vaccinatedâ€¦  
304, zazzle  custom  fabric  facemasks  masks  mask  sale 30% off  code marchtreat4u ends  mar21 2021â€¦  
305,if you are in need of ppe supplies  gorilla stationers has kn95  wipes  surgical masks  face shields  nitrile  andâ€¦  
306,black and white face mask aboriginal art print mask adjustable over the head face covering bush tuckerâ€¦  
307,red white gingham check   via    giftideas  gifts  facemask  cottonfacemask  
308,now designing for  zazzle  bibleverse and cute graphic cloth  facemasks       
309,40% off facemasks  we've got you covered    deals  facemasks
310,red face mask reusable washable cotton over the head face mask scarlet crimson ruby red print face coveringâ€¦  
311,researchers put cloth face masks under a microscope  the images are out of this world    viaâ€¦  
312,soooo    i got my nikaido mask in the mail the other day   nd my gf caught me in my true essence   words cannot desâ€¦  
313,  where's their  facemasks
314,face masks in stock and on sale  order while supplies last       masks  facemasks  facemaskâ€¦  
315,downtime   topshelf  bookstagram  book  lillianjacksonbraun  freeman  facemask  vaseline  skincare  mecareâ€¦  
316,all these butterflies   facemasks   findyourthing  redbubble
317,limited chains are back in stock   shop now at    facecover  facemasks  facecoveringsâ€¦  
318,elegant batik face mask tonal yellow gold teal  facemask handmade in usa    etsyshopâ€¦  
319,looking back to when we featured in   last september   read the full article on our website â€¦  
320,sold ))cute bunny cartoon happy easter egg hunt kids' cloth face mask  zazzle  mask  coronavirus  zazzleâ€¦  
321, yesterday i got my second  covidvaccine -  today i felt tired (not sleepy) but a few coffees and fine  a lot of peâ€¦  
322,face mask   via    facemask  coronavirus  covid  covid19  disease  health  hygieneâ€¦  
323,face mask   via    facemask  coronavirus  covid  covid19  disease  health  hygieneâ€¦  
324,floral face mask brown pink earth tones adjustable  facemask warm colors handmade in usa   â€¦  
325,floral brown face mask  via    giftideas  gifts  facemask  cottonfacemask  
326, dragonfly face mask coral yellow  facemask handmade usa    poshmark  shopmyclosetâ€¦  
327, facemask serves as a barrier &amp; limits the spread of  covid19 while wearing  facemask ensure that it covers yourâ€¦  
328,i swear half these dudes out here are just using their face masks as chin warmers ğŸ˜·ğŸ¤£  facemask  lockdown  
329,good morning  goodgirls  goodmorning  goodmorningtwitterworld  snapchatbaby  snapchatfilter  fun  facemaskâ€¦  
330,face mask washable rm6 onlyavailable in headloop/earloop (muslimah friendly) facemask  muslimahfriendlyâ€¦  
331, comfy masks $4 95 eachpromote a safe and healthy lifestyle along with your logo with oâ€¦  
332, easter face mask pastels easter egg cotton adjustable  facemask handmade usa    bonanzaâ€¦  
333,work meetings still go ahead  albeit a bit different now  corporatebreaks  virtualmeetings  facemasks  elbowbumpsâ€¦  
334, gifts  tshirts  homedecorideas  bags  mugs  tech  office  wallart  facemasksdesign dead inside  thewalkingdeadâ€¦  
335, masks desgned by pasob    facemask  masks  facecover  clothmasks  custommasksâ€¦  
336,only 4 left  claim yours now by following the link  villains  facemask  disney    
337,route 66 face mask with toggle adjustable over the head cotton fashion car masks    etsyâ€¦  
338,hey   if anyone needs  ppe  our friends at   have  facemasks for sale  the regular disposable masks are $35â€¦  
339,these mask are intended to be used for protection against solids such as those from minerals  coal  iron ore  flourâ€¦  
340,candygirlt    tees  tshirts  apparel  hoodies  amazon  redbubble  dkskustomgear  kent73â€¦  
341, zazzle  bibleverse and cute graphic cloth  facemasks       
342, facemasks are mandated by the government to dehumanize us and subjugate us to the government   
343,"""sewing the seeds of love"" available at maskairaid   shop now ğŸ‘‰    free shipping â€¦  "
344, black  facemask with  pink  dot  pattern cotton jersey printed  reusable  washable mouth cover  avantgardeâ€¦  
345,no need to wear a boring face mask  here are my favorite tie-dye face masks for wearing to the store  check themâ€¦  
346,maskdetails descriptionfeatures flat mask with elastic earloop and metal nose clipcolor outsite blue/inside whitâ€¦  
347,so  he's so stupid he doesn't know how to wear a  facemask properly or to bother to pay $30 for a box of 50 count 3â€¦  
348, dragonfly face mask peach yellow  dragonflies adjustable fitted  facemask  etsyshop  etsyhandmade  shopsmallâ€¦  
349,texas gov  greg abbott lifted the stateâ€™s mask mandate but businesses can still enforce their own mask policies  muâ€¦  
350,for context  from   basically  spot the difference between masker countries and non-maskersâ€¦  
351,face mask dispensershop now   acrylic protective face mask dispenser box holder can be usâ€¦  
352,biggest  facemask troll right here ğŸ§ğŸ‘€ğŸ¤£  
353,25% off  facemasks in my store  use code zweddingplan at checkout   smile  staysafe  inspirational  meditate  yogaâ€¦  
354,red face mask aboriginal art print mask adjustable fitted over the head blue face covering scarlet crimson ruby redâ€¦  
355,  but there is no more  facemask enforcement
356,bundled with the golden textureğŸŒŸto brighten up your skin  mood  and mornings  all at the same time  presenting youâ€¦  
357,here's the lightning collection on bandanas   art  artist  artwork  artsy  bandanasâ€¦  
358,face masks in stock and on sale  order while supplies last       masks  facemasks  facemaskâ€¦  
359,chic leopard print pink roses modern pattern premium face mask    covid  facemasks  covid19â€¦  
360,face mask dispensersshop now   our acrylic face mask dispensers are available in two stylâ€¦  
361, disneyland  is reopening april 30    you will needa  facemask to visit  check out my many  disney &amp;  starwars themâ€¦  
362,navy stars face mask with toggle adjustable face mask stars and stripes batik cotton fitted over the head fashion fâ€¦  
363,love is not just in our words  but in our actions  â¤ï¸  conkote  facemask  healthy  
364, _potatoes     therefore  it is important to make it clear to everyone that you can still getâ€¦  
365,kate middleton was seen out again today wearing her usual pepper liberty face mask  why not look like a royal withâ€¦  
366,small batch of custom  graphene-enhanced  facemasks  ğŸ˜·ğŸ˜·ready to ship to our customer in the us ğŸ‡ºğŸ‡¸ğŸ‡ºğŸ‡¸these have an adâ€¦  
367, elegant black floral face mask fitted flowers gold flowers black metallic shiny bling cotton adjustable  facemaskâ€¦  
368,ğŸŒ¸âœ‹ğŸŒ¼ğŸ˜·ğŸ’®ğŸ‘ğŸŒ¸ğŸ˜·ğŸŒ¼âœ‹ğŸ’® facemasks  facemasks4all gifts  shoppingonline  healthandsafety  onlineshopping  socialdistancingâ€¦  
369,a  triplelayer  facemask is effective for 8 hrs of continuous use  if it gets wet in between  it needs to be changeâ€¦  
370, _brookes   extremely pleased to see the staff safe and well protected with our anti-vâ€¦  
371,cute bunny ears cartoon happy easter egg hunt premium face mask  zazzle  mask  coronavirus  zazzle  zazzlemadeâ€¦  
372,flower power face mask  retro colorful  flowers daisy adjustable fitted  facemask handmade usaâ€¦  
373,     science    thread  dontwearamaskchallenge facemasks  facemask  maskfake security in aâ€¦  
374,pretty pink roses flowers floral pattern feminine premium face mask    floral  flowers  covidâ€¦  
375,ğŸ˜ mini auto sanitizer dispenser spray ğŸ˜  starting at rs 3 500 00  show now ğŸ‘‰ğŸ‘‰    aryâ€¦  
376, kids  soccer balls face mask -  sports - blue -  cotton - adjustable ear loops fitted  facemask - unisex - child -â€¦  
377,itâ€™s been a very  very busy week  so having an evening chilling and cutting out new  facemasks to sew over the weekâ€¦  
378,chic zebra stripes pink roses trendy pattern premium face mask     covid  facemasks  covid19â€¦  
379,i love waffles premium face mask   via    facemask
380,this one is a tribute to our hardworking frontliners in the army for always choosing our country before themselves â€¦  
381,black and white purple face mask fitted adjustable colorful cotton aboriginal art print purple face coveringâ€¦  
382,red face mask reusable washable cotton over the head face mask scarlet crimson ruby red print face coveringâ€¦  
383,scissors cotton face mask hairdresser stylist washable reusable double layer beige gold handmade in usa    facemask
384, love  mumbles  face mask  black  cotton jersey  printed reusable and  washable mouth cover   avantgarde face mask â€¦  
385,route 66 face mask with toggle adjustable over the head cotton fashion car masks    staysafeâ€¦  
386,we're all going to be wearing  facemasks for a while  which is all the more reason to find one that you like with uâ€¦  
387,hey   if anyone needs  ppe  our friends at   have  facemasks for sale  the regular disposable masks are $35â€¦  
388,"shop trendy items at ""dream big digital design"" unique one of a kind event stationery  business branding supplies aâ€¦  "
389,two newest beauty products combine the benefits of cbd and charcoal to help you get that daily glow thoughtcloud câ€¦  
390, zengraphene announces 2021  biocidal coating production plans    grapheneâ€¦  
391,blue sea glitter mermaid fish scales pattern premium face mask     mermaids  fantasy  glitterâ€¦  
392,new artwork &amp; accessories for sale- â€œirish whiskey windowâ€ğŸ¥ƒ  jameson  whiskeyâ€¦  
393,adult premium face mask - origami butterflies   kids premium face mask - origami butterfliesâ€¦  
394,'oral thermometers' are useful to take fast and reliable readings  buy these today at guaranteed lowest prices -â€¦  
395,ğŸ˜ draw string bags ğŸ˜  starting at rs 1 000 00  show now ğŸ‘‰ğŸ‘‰    ary  facemask  pakistanâ€¦  
396,cute baby yeti face mask   via    yeti  facemask
397, zazzle  graphic cloth  facemasks  camouflage all colors  usaflags   military     
398,3ply disposable high filtration face  masks  roamfree anti-microbial washables  ffp2 face masks &amp; fluidprotect typeâ€¦  
399, bali  botanics  luxury  bespoke  facemasks and  health &amp;  beauty products handcrafted in baâ€¦  
400,uk scientific advisers are saying maintaining basic policies which reduce transmission will be necessary for some tâ€¦  
401,we're all going to be wearing  facemasks for a while  which is all the more reason to find one that you like with aâ€¦  
402,i sold apparel items featuring my â€œwoodford reserve barrelâ€ğŸ¥ƒthank you to the buyer prints &amp; more available-â€¦  
403,face mask   via    facemask  coronavirus  covid  covid19  disease  health  hygieneâ€¦  
404,shop price drops on in stock face masks and get free shipping  now       masks  facemasksâ€¦  
405,red face mask aboriginal art print mask adjustable fitted over the head blue face covering scarlet crimson ruby redâ€¦  
406,"""i want candy"" available at maskairaid   shop now ğŸ‘‰    free shipping    facemasks  facemaskâ€¦  "
407, daisies face mask floral white yellow  flowers on blue adjustable soft elastic  facemask handmade usaâ€¦  
408,colorful and fun  naturelover  art  animals  art  floral  garden  skt  cute  ufo  facemasks  leggings  apprelâ€¦  
409, red  floral print  face  mask   fitted red face mask   neoprene lycra  reusable and  washable avantgarde handmadeâ€¦  
410,this time next week you can meet up to 6 people or 2 households outside  to make sure you feel protected why not puâ€¦  
411, wine face mask wine glass wine bottles grapes adjustable fitted  facemask handmade usa  â€¦  
412,ğŸŒ¸âœ‹ğŸŒ¼ğŸ˜·ğŸ’®ğŸ‘ğŸŒ¸ğŸ˜·ğŸŒ¼âœ‹ğŸ’® facemasks  facemasks4all gifts  socialdistancing  shoppingonline  healthandsafety  onlineshoppingâ€¦  
413,colorful  beach face mask adjustable soft elastic  facemask handmade usa    etsyshopâ€¦  
414,ğŸ’¥  flash sale  n95  kn95  3-ply  cloth masks  and face shields are all discounted ğŸ§¡    â€¦  
415,butterflies face mask butterfly multi pastels fitted adjustable  facemask  etsyshop  etsyhandmade  shopsmallâ€¦  
416,so now we are in a time where you can find in a hamper/gift bag a customized  facemask
417,â€œget your  mask on â€    ---&gt;  reusable cloth  facemask  protection with a  personalizedâ€¦  
418, _io the number 1 fashion -  facemask
419,itâ€™s official  qantas free masks are more comfortable than the online cotton ones    thanks for the advâ€¦  
420,"shop trendy items at ""dream big digital design"" unique one of a kind event stationery  business branding supplies aâ€¦  "
421,used disposable masks create contaminated waste that's littering our lands and oceans  how can we better handle ourâ€¦  
422,check out vintage ac/dc razors edge bandana 1990 true vintage rare new mint brockum     â€¦  
423,red face mask aboriginal art print mask adjustable fitted over the head blue face covering scarlet crimson ruby redâ€¦  
424, disneyland is reopening april 30     you will need a  facemask  buy something special to celebrate your return toâ€¦  
425, americanairlines is investigating whether  us climate envoy  johnkerry broke the rules and took off his mask on aâ€¦  
426,we're always on  islandtime  ğŸ˜ğŸ¹ğŸŒ´the new island time  facemask bundle  now available on  ğŸŒŠ gâ€¦  
427, easter eggs happy colors adjustable kids &amp; adult cloth  facemask  art  
428, red  facemask   reusable and  washable red cotton  jersey  mask  dust face mask  house work mask   travel mask witâ€¦  
429, beach face mask  tropical colors cotton adjustable  facemask handmade usa    rocteamâ€¦  
430,blue sea glitter mermaid fish scales pattern premium face mask     mermaids  fantasy  glitterâ€¦  
431,get ready for spring with handmade cotton face masks     etsy  etsyshop  rocteam  facemasksâ€¦  
432,ğŸŒ¸âœ‹ğŸŒ¼ğŸ˜·ğŸ’®ğŸ‘ğŸŒ¸ğŸ˜·ğŸŒ¼âœ‹ğŸ’® facemasks  flowerpower gifts  shoppingonline  healthandsafety  onlineshopping  socialdistancingâ€¦  
433, borisjohnson    bbcfactcheck   quoting the        falsely claims lonâ€¦  
434,in the kitchen is where the bellys are fed   instacook  easycooking  homemadefood  lovecookingâ¤ï¸   cookmypassionâ€¦  
435,discover dkskustomgear designs online | spreadshirt    tees  tshirts  apparel  hoodiesâ€¦  
436,the emphasis on social distancing -if these mini's can abide i am sure we adults can as well  lets not lower our guâ€¦  
437, kyiv official explains new requirement to wear  facemasks outdoors  covid19   
438,this is how its done and why it looks so neat  when you get it  folding  madetomeasureshirts  customshirtsâ€¦  
439,aboriginal art print face mask black blue mask washable cotton face covering spiritual womenâ€¦  
440,classy navy soccer balls pattern sports premium face mask |      soccerâ€¦  
441,so cute   arabiangirl  naomiscott  aladdin  disneytothecore  aladdinliveaction  disney  disneyliveactionâ€¦  
442,some absolute numpty interviewing  redshepherdess on  granadareports just now  they're in the middle of nowhere - aâ€¦  
443,facemasks available at excellent prices  come as a pack of 5 (non medical)great to use for when carrying out homeâ€¦  
444,mondi group gronau now  converting 1+ million medical  facemasks a day in  germany   
445, kids easter  bunny rabbit face mask green orange carrots adjustable fitted  facemask handmade usaâ€¦  
446, dragonfly face mask yellow peach  dragonflies fitted adjustable  facemask handmade usa  etsyshop  etsyhandmadeâ€¦  
447, kids  soccer balls face mask -  sports - blue -  cotton - adjustable ear loops fitted  facemask - unisex - child -â€¦  
448,get my art printed on awesome products  support me at redbubble  rbandme      findyourthingâ€¦  
449,ğŸŒ¸âœ‹ğŸŒ¼ğŸ˜·ğŸ’®ğŸ‘ğŸŒ¸ğŸ˜·ğŸŒ¼âœ‹ğŸ’® facemasks  facemasks4all gifts  shoppingonline  healthandsafety onlineshopping  socialdistancingâ€¦  
450,facts about  statistics   treatment   facemasks   lethality and  pcrtest coronavirus  sarscov2  covid19swiss poâ€¦  
451,classy navy football balls pattern sports premium face mask     football  covid  facemasksâ€¦  
452,presenting bryan &amp; candy new york activated charcoal face masks slough away your daily dirt to reveal the long-lastâ€¦  
453,our  handmade  facemasks are - reusable - washable- elasticated fit- s  m  l &amp; xl- three ply cotton- handmadâ€¦  
454,deep discounts on in stock face masks plus free shipping  order now       masks  facemasksâ€¦  
455,red face mask over the head adjustable scarlet crimson red print face mask face cover  â€¦  
456,save up to 30% off everything gifts  wallart  apparel  homedecor  office  tech  bags  furniture  tabletop  outdoorâ€¦  
457, easter face mask pastels easter egg cotton adjustable  facemask handmade usa    bonanzaâ€¦  
458,easter egg face mask pastel blue yellow pink purple adjustable fitted  facemask  kids women handmade usaâ€¦  
459,look for &amp; buy your face mask - one size fits all over 11 000 photos to choose from    â€¦  
460,do you want clear   glass like skin   follow this blogpost for all the trendiest skincare tips and tricks   beautyâ€¦  
461,butterfly face mask  butterflies yellow floral flowers purple lilac handmade usa    etsyshopâ€¦  
462,teachers  check out our range to make your pupils laugh in school   fun  facemasks  
463,appalachian state mountaineers 3 pack face coverget it here    bandana  mask  scarfâ€¦  
464,clear handbags &amp; more  facemask  clearbags  warehouse  bags  wholesale  promotion  health  correctional  mask  news  
465,ğŸ“¹ making a few cute ghost type pokÃ©mon face mask  i am loving this fabric   customhandmade  custommasks  pokemonâ€¦  
466,   handwritten  sheet  music  song  musical  notes  mask $12 95 15% off  code zshirtstoday enâ€¦  
467,face masks in class are causing 'physical harm' to children  ministers told  facemask  schoolreopen  schoolâ€¦  
468,multi color face mask with toggle colorful cotton aboriginal art print adjustable over the head face covering austrâ€¦  
469,chic leopard print pink roses modern pattern premium face mask    covid  facemasks  covid19â€¦  
470,plain  black bio  cotton jersey face  mask   eco cotton  handmade  facemask  breathable  reusable and washableâ€¦  
471,need a mask that fits your style  grab this record player mask hereğŸ‘‰   wear  maskupâ€¦  
472, navy and  pink  stripes face  mask  reusable and  washable mouth cover   facemask   handmade punk face mask  all sâ€¦  
473,face mask | sail mask | face mask washable |    personalcare  facemask  facemaskwashableâ€¦  
474,black and white face mask aboriginal art print mask adjustable over the head face covering bush tuckerâ€¦  
475,ğŸŒ¸âœ‹ğŸŒ¼ğŸ˜·ğŸ’®ğŸ‘ğŸŒ¸ğŸ˜·ğŸŒ¼âœ‹ğŸ’® facemasks  psychedelic  shalom gifts  shoppingonline  healthandsafety  onlineshoppingâ€¦  
476,brand-new merchandise  save 10% on our brand-new  facemasks and  sweatpants with promo code endo2021  visit our stoâ€¦  
477, art coffee mugs &amp;    wallart  homedecor  phonecases  coffee  mugs  fleeceblanketsâ€¦  
478,3 ply surgical type ii r face masks  uk stock for next day delivery**min  order qty 250  prices from Â£0 48p eachâ€¦  
479,handmade facemask washable deep purple velvet re-useable cotton face covering | ebay  handmade  reusable  washableâ€¦  
480,yet many ppl are talking about ditching other precautions such as  socialdistancing &amp;  facemasks after they get theâ€¦  
481,burgundy face mask pink   via    giftideas  gifts  facemask  cottonfacemask  
482,15%   off   spring sale ğŸŒ¸ğŸŒ¸ğŸŒ¸  findyourthing ğŸ¦ğŸ¦ŠğŸ¦ facemasks  apparel by   wolves  weaselsâ€¦  
483,redbubble    tees  tshirts  apparel  hoodies  amazon  redbubble  dkskustomgear  kent73â€¦  
484,divers find philippine reef covered with single-use face masks     puretex  hhltechnology  antimicrobial  virusesâ€¦  
485,classy bowling ball sports personalized premium face mask    sports  bowling  covidâ€¦  
486,a painting &amp; a sticker       wallart  homedecor  phonecases  belfast  mugs  fleeceblanketsâ€¦  
487,kids be going mad for the dino print face masks   dino  facemasks  dinosaurplanet  dinofury  dinosaurus  dinosaurâ€¦  
488,covid-19 live updates  3 more bay area counties join orange tiercheck this out  â€¦  
489,pretty pink roses flowers floral pattern feminine premium face mask    floral  flowers  covidâ€¦  
490,come check out our highly rated  comfortable and anti viral  facemasks we are so happy to see al the great reviewsâ€¦  
491,love the hands on projects that our cdc students are making themselves ğŸ’™ğŸ’› shout out to our eas who go above and beyâ€¦  
492,wedding face masks   wedding  facemasks  pinklace  lace  wedding  sale  bridal  bridalsupplies  weddingsuppliesâ€¦  
493,aboriginal art print face mask black blue mask washable cotton face covering spiritual womenâ€¦  
494,red face mask reusable washable cotton over the head face mask scarlet crimson ruby red print face coveringâ€¦  
495,floral face mask coral peach flowers on beige  facemask handmade usa    etsyshopâ€¦  
496,we customize  facemasks  
497,wear it right âœ…âœ”ï¸ safer and more comfortable with the styleğŸŒºğŸŒ·ğŸŒ¿dm for orders or visit our store â€¦  
498,adult premium face mask - the american flag   - kids premium face mask - the american flagâ€¦  
499,exercise and keep fit  under armour face mask cover 3 layer washable breathable  gym workout sports buy now -â€¦  
500,cute disposable particulate respirator for  kids to protect them from viruses   protection  virus  flu  healthâ€¦  
501,face mask arsenal fc new by mycompadreshop   via    facemasks  covidãƒ¼19  covid_19â€¦  
502,navy stars face mask with toggle adjustable face mask stars and stripes batik cotton fitted over the head fashion fâ€¦  
503,see my  mandalaart     mandalas  digitalart  homedecor  gifts  shopping  art  artprintsâ€¦  
504, elegant black floral face mask fitted flowers gold flowers black metallic shiny bling cotton adjustable  facemaskâ€¦  
505,make masks mandatory to check tb  say experts  coronavirus  facemasks  tbcases  
506,wearing a  facemask may cause skin irritation for some  particularly for those wearing masks all day long  tips toâ€¦  
507,jade green floral face mask batik yellow flowers adjustable  etsyshop  etsyhandmade  shopsmall  rocteam  facemasksâ€¦  
508,how often should you wash your reusable face mask  ğŸ˜·ğŸ§¼a)  no need to wash themb)  after using once c)  after usiâ€¦  
509,blue sea glitter mermaid fish scales pattern premium face mask     mermaids  fantasy  glitterâ€¦  
510,black  fringe  velvet face  mask   handmade fashion  facemask  6 inch fringe gothic alt breathable mask  reusable fâ€¦  
511,easter egg face mask pastel blue yellow pink purple adjustable  etsyshop  etsyhandmade  shopsmall  rocteamâ€¦  
512,light blue touch paper  stand well back  for citizens already sceptical  very resistant re state power aroundâ€¦  
513,so i decided to try this cut your mask thing     covid19  facemask  edutwitter  education  teaching  school  teacher  
514,is your  business ready to reopen hygienic concepts has a wide range of  consumables for your business  fromâ€¦  
515,15% off sitewide sale  now through march 25  code  magic15  facemasks -)   findyourthing  redbubble
516, gifts  tshirts  homedecorideas  bags  mugs  tech  office  wallart  facemasksdesign the spider judgmentâ€¦  
517,ğŸ”¥**great deal**low price**ğŸ”¥simple joys by carter's kids' 5-pack face masksreg$14 90 to $9 99 ğŸƒğŸ’¨â€¦  
518,pink green face mask tropical adjustable soft elastic  facemask handmade usa  etsyshop  etsyhandmade  facemasksâ€¦  
519,30% off all cloth face masks - peonies &amp; poppies design 2   via    facemasks  masksâ€¦  
520,honestly i like face masks   itâ€™s like being anonymous in real life  facemask
521,in a first  four flyers onboard jammu-delhi flight handed over to cops for refusing to wear face mask facemask  
522,pink diamond shield 100%cotton 2 layer face mask with filter pocket   stevenuniverseâ€¦  
523,treading nicely on my site today ğŸ˜Š reblog - poetics of protection via adam zucker  facemasks (art and science)â€¦  
524,3-ply disposable face masks   non-medical protective face masks  latex-free ear loops  three layers for extra pâ€¦  
525,face mask real madrid fc black by mycompadreshop   via    facemask  facemasks  covidãƒ¼19â€¦  
526,route 66 face mask with toggle adjustable over the head cotton fashion car masks    facemasksâ€¦  
527,adjustable burnt orange face mask with toggle colorful australia aboriginal art print orange brown spiritual womenâ€¦  
528,cute kawaii pineapple adult cloth face mask   via    pineapple  kawaii  aloha  facemask
529,adult premium face mask - treasure flower   via     kids premium face mask - treasure fâ€¦  
530,$9 99 multi-pack face masks for kids and adults from our brands   via    amazonâ€¦  
531,classy navy football balls pattern sports premium face mask     football  covid  facemasksâ€¦  
532,red face mask over the head adjustable scarlet crimson red print face mask face cover    etsyâ€¦  
533,happy birthday to us  1 year old today  from a standing start to becoming the trusted supplier of infection controlâ€¦  
534,floral face mask wedgwood blue burgundy flowers adjustable fitted  facemask handmade usa  etsyshop  etsyhandmadeâ€¦  
535,classy navy soccer balls pattern sports premium face mask |      soccerâ€¦  
536,sylvester keal can offer body protection  foggers  facemasks and latex or   vinylgloves some to a  medicalgrade staâ€¦  
537,coral floral face mask yellow blue flowers  facemask handmade usa    etsyshop  etsyhandmadeâ€¦  
538,still time to enter the draw to win a free pack of 50 t&amp;k disposable face masks  to be in with a chance of winning â€¦  
539,sea mud face mask - gently exfoliate with kelp powder as the french green clay removes the oil  toxins  and impuritâ€¦  
540,these are the only masks you'll need â €â €â €â €â €â €â €â €â €â €â €â €â €â € â €â €â €â €â €â €â €â €â €â €â €â €â €â € hygienico  healthcareâ€¦  
541,   bbcrealitycheck  sweden had a higher  fluvaccination rate than other scandinavian countries  &amp;  despiâ€¦  
542,doing a sunday flash sale on my masks  all masks are Â£7 including a hair scrunchie and free p&amp;p  save Â£5+ for todâ€¦  
543,face mask 1500 pcs disposable masks breathable lightweight nose clip and comfortable â€¦  
544,are  facemasks helping people with allergies     
545,shop for  apparel -  facemasks  tshirts  sweatshirts  hoodies  onesies  tanktopsğŸ–±ï¸ â€¦  
546,adjustable over the head blue face mask cotton washable fashion blue face covering  â€¦  
547,heavenly hexagon  facemasks that come in bright  art  prints with an uplifting feel  perfect for use during the warâ€¦  
548,just saw this on  amazon  disposable  facemasks of 50 pack disposable mask-black by sudilo for $13 99â€¦  
549, zazzle  custom  fabric  sale 15% off  code marchtreat4u ends  mar21 2021     mar19  mar20â€¦  
550, american  eskimodog  facemask with unique  animal  art printed on the front  washable in hot water and reusable  dâ€¦  
551,it's the ppe blowout sale  stock up &amp; save on must have safety products now     freeshippingâ€¦  
552, paisley face mask geometric blue fitted  facemask handmade in usa  etsyshop  etsyhandmade  shopsmall  rocteamâ€¦  
553,shop selva negraâ€™s sustainable  facemask      fashion
554,cute black cats and paws pattern premium face mask    cats  paws  covid  facemasks  covid19â€¦  
555,check out  facemasks by susana   flowers  easter  food  beverages  animals  sports  janeausten  pemberley  regency â€¦  
556,navy blue face mask white polka dot  facemask handmade in usa    etsyshop  etsyhandmadeâ€¦  
557,aboriginal art print face mask black blue mask washable cotton face covering spiritual womenâ€¦  
558, covid19 is real   facemasks  tanzania  report  sarsco repercussions      
559,exercise and keep fit  under armour face mask cover 3 layer washable breathable  gym workout sports buy now -â€¦  
560,face mask timee â°2021 ve 2020rutkay nerede demooğŸ¥º    demetÃ¶zdemir  facemask  
561,shop price drops on in stock face masks and get free shipping  now      masks  facemasksâ€¦  
562,ğŸŒ¸âœ‹ğŸŒ¼ğŸ˜·ğŸ’®ğŸ‘ğŸŒ¸ğŸ˜·ğŸŒ¼âœ‹ğŸ’® facemasks  blue  kaleidoscope  gifts  shoppingonline  healthandsafety  onlineshoppingâ€¦  
563,designer multi color face mask with toggle colorful aboriginal art print black and white adjustable face covering oâ€¦  
564,free the north masks  solidarity with the north of england  and especially liverpool   abolishwestminsterâ€¦  
565,wendy and the  wolves    fantasy  fairytale  children  teens  roomdecor available on manyâ€¦  
566,earthy  woodlands face mask  animasl  wildlife  outdoors fox owls deer rabbit adjustable fitted  facemask handmadeâ€¦  
567,dk's kustom gear  (t-shirts)    tees  tshirts  apparel  hoodies  amazon  redbubbleâ€¦  
568, blue  floral face  mask  fitted white and blue  vintage print  facemask  filter pocket reusable  washable facemaskâ€¦  
569,gold floral scissors hairstylist hair salon name premium face mask    facemasks  coronavirusâ€¦  
570,bright  paisley face  mask with filter pocket   orange  oriental  cloth washable  facemask   handmade nose clip facâ€¦  
571,martial arts  facemasks  protect yourself and your training partners when you are able to train again  there are soâ€¦  
572, coffee lover face mask brown cream adjustable handmade usa    etsyshop  etsyhandmadeâ€¦  
573,coral floral face mask yellow blue flowers  facemask handmade usa    etsyshop  etsyhandmadeâ€¦  
574, blue and red  tartan  face  mask   fitted cotton reusable - washable  facemask  tartan  handmade dust face mask  hâ€¦  
575,get your hands on bee good's british-honey packed nectaperfecta enzyme mask for nourishment heaven  honeyâ€¦  
576,no good smiling when i wear a mask  not dazzling anyone here   pointless  dazzle  facemask
577,easter egg face mask   via    giftideas  gifts  facemask  childfacemask  
578,adjustable burnt orange face mask with toggle colorful australia aboriginal art print orange brown spiritual womenâ€¦  
579,   i can see visually whether you are wearing a  facemask but i cannot tell whether or not you have a  covidvaccineâ€¦  
580,gold floral scissors hairstylist hair salon name premium face mask    facemasks  coronavirusâ€¦  
581,easter egg face mask pastel blue yellow pink purple adjustable fitted  facemask  kids women handmade usaâ€¦  
582,cute black cats and paws pattern premium face mask    cats  paws  covid  facemasks  covid19â€¦  
583,"""to change a habit  make a conscious decision  then act out the new behavior "" maxwell maltzâ€¦  "
584,sleek sellouts  ğŸ¤“  order kobe bryant fabric face mask at $10 99 from    facemask  pandemic  
585,handmade face mask with clear shield handmade by me simply qi creations  facemask  facemasks  covidãƒ¼19  safetyâ€¦  
586,elegant batik face mask tonal yellow gold teal  facemask handmade in usa    etsyshopâ€¦  
587,the new    facemask rocks   laser  optics  opticalengineering  
588,men's face mask gray adjustable over the head cotton mask with toggle grey waves face coveringâ€¦  
589,6 8 billion disposable face masks are being turned into roads  covid  masks  covid19  environment  ecofriendlyâ€¦  
590,modern simple blue urban adult cloth face mask  facemask  simple  modern  for  him  adultclothfacemask  
591,scissors face mask  hair stylist  hairdresser  cosmetology  sewing gold orange  facemask handmade usaâ€¦  
592,what happened to the flu season   flu  health  pandemic  shots  vaccinations  n95  facemask
593,   handwritten  sheet  music  song  musical  notes  mask $12 95 30% off  code marchtreat4u enâ€¦  
594,esoteric in krakoan  available in our etsy store   krakoa  exovoomnia  etsy  mutants  marvel   comics  comicbooksâ€¦  
595,we home educated our 14 year old  has six visits from the 'repeaters' to check on his welfare  this from a school pâ€¦  
596,just announced that governor of wyoming has lifted the mandate of using face masks  it is now a voluntary option foâ€¦  
597,transparent face mask for kids now available buy here    newarrivalsâ€¦  
598,happy birthday face shield   via    happybirthday  birthday  party  celebration  cakeâ€¦  
599, flowers and  checkers  facemask daisy checks  mask   via    zazzlemade  zazzledesignsâ€¦  
600, paisley face mask geometric blue fitted  facemask handmade in usa  etsyshop  etsyhandmade  shopsmall  rocteamâ€¦  
601,over the head reusable adjustable mask with toggle black and white fitted face mask washable colorful aboriginal arâ€¦  
602,butterflies face mask butterfly multi pastels fitted adjustable  facemask  etsyshop  etsyhandmade  shopsmallâ€¦  
603,face mask   via    facemask  coronavirus  covid  covid19  disease  health  hygieneâ€¦  
604,things are looking up  so let us help you get back to normal  at    we've got everything youâ€¦  
605,respiratory mask filters are used in environments where standard  facemasks are not enough to filter out hazardousâ€¦  
606,"2020  cheltenhamfestival  covid19 breaking out ""no risk  no  facemasks "" cheltenham2021  goldcup no crowd  outdooâ€¦  "
607,how do girls look cute in face masks        facemasks  beauty  skincare  bathtime  bubblebath  bathselfie  
608,this funky liquorice allsorts print facemask is at our etsy shop  each one is handmade with quality cotton fabric tâ€¦  
609,adjustable burnt orange face mask with toggle colorful australia aboriginal art print orange brown spiritual womenâ€¦  
610,aztec clay mask on 4c natural hair   afrohair  aliexpress  4chair aztecmask  hairmaskâ€¦  
611,timber  wolf reusable  facemasks - washable in hot water and can be tumbled dry  masks are 2 layered and made of 10â€¦  
612,pay attention to how you feel  high stress levels weaken the immune system  relaxing activities like yoga and meditâ€¦  
613,handmade face mask for   via    etsycanada  etsyshop  facecover  facemask  
614,happy anniversary one year ago today started working from home lockdown; the computer keyboard and face mask represâ€¦  
615,chic leopard print zebra stripes pink roses floral premium face mask    covid  facemasksâ€¦  
616,over the head reusable adjustable mask with toggle black and white fitted face mask washable colorful aboriginal arâ€¦  
617,for those using only cloth masks  better to double up  improve the fit of your surgical mask first (see video) thenâ€¦  
618,ppe  portobello road  on saturday  ppe  facemasks  portobelloroad  nottinghill  kensingtonandchelsea  w11  londonâ€¦  
619,face masks in stock and on sale  order while supplies last         masks  facemasks  facemaskâ€¦  
620, sursol face mask sanitising spray available from  anti-bacterial &amp; anti-viral treatment foâ€¦  
621,face masks &amp; neck gaiters ğŸ˜·  deadposhuk  thesmiths  morrissey  johnnymarr  tshirtdayâ€¦  
622,jelly beans face mask    easter  facemask  jellybeans via  
623,red face mask fitted over the head adjustable blue face covering colorful aboriginal art print scarlet crimson rubyâ€¦  
624,chic leopard print zebra stripes pink roses floral premium face mask    covid  facemasksâ€¦  
625,to stop a fourth wave we need to all engage in npi (non-pharmaceutical interventions) eg  facemasks  social distancâ€¦  
626,thank you to the  auntiesewingsquad for their generous donation of over 500 face masks  these will continue to keepâ€¦  
627, elegant black floral face mask fitted flowers gold flowers black metallic shiny adjustable  facemask handmade usaâ€¦  
628,add some fun and adventure with a touch of colour to your wardrobe with these unique designs from casual dragonâ€¦  
629,   copperfit  facemasks are by far the best i mean i can drink ğŸ¥¤ through them and itâ€™s always on and not uâ€¦  
630,interesting predictions from mary ramsay  the head of immunisation at  _uk if you're still using single-use maâ€¦  
631,illinois  legionriders chapter 37 led a delivery of 1500  facemasks to the illinois veterans home in quincy monday â€¦  
632,mask giveaway  alabama's mask order may be expiring april 9  but health experts say masks will still be needed  theâ€¦  
633,( premeditation maybe being the willful act of choosing not to wear a  facemask )
634,i hat my kids  mask enforcement    webcomic  comic  parenting  pandemic  facemask
635,health &amp; fashion savvy-lime green  colourpop  embellishedfacemask facemaskfashion  facemasks  
636,everyone who is wearing a  facemasks  hazard suits &amp; medical gowns etc due to  covid19 essentially been dressing liâ€¦  
637,this isnâ€™t art  itâ€™s fabric for face masks   researchers put cloth face masks under a microscope  the images areâ€¦  
638,we need movies ğŸ¥ ğŸ with face masks on ğŸ˜· ğŸ˜· ğŸ˜ƒ newmovies  covid19  facemask
639,aqua batik face mask teal blue gray purple watercolors adjustable fitted  facemask handmade in usaâ€¦  
640,what about  facemasks  pcrtest and  vaccines   â€œmas listened to peopleâ€     its not people   needsâ€¦  
641, gifts  tshirts  homedecorideas  bags  mugs  tech  office  wallart  facemasksdesign gold  portrait  illustrationâ€¦  
642,    follow precautions stay vigilant  stay safe  covid_19  facemask  pakistandayâ€¦  
643,add some fun and adventure with a touch of colour to your wardrobe with these unique designs from casual dragonâ€¦  
644,butterflies face mask butterfly multi pastel fitted adjustable  facemask  etsyshop  etsyhandmade  shopsmallâ€¦  
645,selling   nitrilegloves   1860  facemasks   vaccines  sputnikv   syringes  contact sales    oâ€¦  
646,purple anime 100%cotton face mask with filter pocket   via     etsy  anime  gamingâ€¦  
647,buttercup yellow face mask floral flowers blue white  etsyshop  etsyhandmade  facemasks  facemasksforsaleâ€¦  
648,teal blue pink floral face mask adjustable fitted  facemask handmade in usa    etsyshopâ€¦  
649,designer multi color face mask with toggle colorful aboriginal art print black and white adjustable face covering oâ€¦  
650,easter egg face mask pastel blue yellow pink purple adjustable fitted  facemask  kids women handmade usaâ€¦  
651,indicative of more people than expected (about facemasks)           â€¦  
652,disposable medical gowns-high quality medical gowns-10 gowns per bag-high quality aami tested fabric-2â€³ white eâ€¦  
653,sun flower fountain  facemasks - washable in hot water and can be tumbled dry  masks are 2 layered and made of 100%â€¦  
654,  gronau now  converting 1+ million medical  facemasks a day in  germany     
655,  the  tanzanian  people will not bow to the tyranny of the  covid19 to hell with  facemasks and  covid19vaccine  covidãƒ¼19
656,dark green face mask cotton washable reusable adjustable over the head team colors green bay packers mask celtics jâ€¦  
657,call me later mask is packed with fresh organic blueberry extract  raspberry extracts  limes  and coconut cream â€¦  
658,scissors face mask  hair stylist  hairdresser  cosmetology  sewing gold orange  facemask handmade usaâ€¦  
659,candygirlt    tees  tshirts  apparel  hoodies  amazon  redbubble  dkskustomgear  kent73â€¦  
660, lobster face mask red adjustable soft elastic  facemask handmade usa    etsyshopâ€¦  
661,get the best and safest lightweight face mask that doesnâ€™t let you sacrifice your safety for comfort  buy yours oâ€¦  
662,stop asian hate premium face mask   via    racismisnotanopinion   noracismâ€¦  
663,af-daboolğŸ˜· facemask  hargeisa  mogadishu  somalia  jigjiga  borama  puntland  world  follow  likeforlikes  likeâ€¦  
664,made some back to school masks for my family   letâ€™s go    joostbomb  fortnite  family  agentjonesy  raptorâ€¦  
665,added a 3rd installment to general facemaskshungarian patterned style  simple yet elegant excited to share the lâ€¦  
666,stankevicius international  purchasing 3m n95 1860 and 3m n95 8210 face masks inquiries via  â€¦  
667, covid19  corona  coronavaccine  except for people with few conditions  itâ€™s safe to receive covid19 vaccine staâ€¦  
668,customized high quality face mask  sportsartistsindustry   facemask  save  savefacemask  mask  sablimationmaskâ€¦  
669,looking for something a little different in a facemask  take advantage of the ever so popular cmk-4 facemask with 8â€¦  
670,superhero team 100%cotton face mask with filter pocket   via     facemask  covidâ€¦  
671,adult premium face mask -  flag of the uk   kids premium face mask - flag of the ukâ€¦  
672,fat freddy  the  pandemic is upon us  we must all wear  facemasks   gilbertshelton   â€¦  
673, zazzle  bibleverse and cute graphic cloth  facemasks lots more designs coming as they clear reviewâ€¦  
674,i can't imagine someone would really do this      facemask  
675,excited to share the latest addition to my  etsy shop  abstract facemasks    camouflageâ€¦  
676,coronavirus  punjab govt halts all rallies on hold till march 31 amritsar  coronavirus  covid19  facemasksâ€¦  
677,protective face mask dispensershop now   used in schools  offices  factories  restaurantsâ€¦  
678,save up to 30% off everything gifts  wallart  apparel  homedecor  office  tech  bags  furniture  tabletop  outdoorâ€¦  
679,we're all going to be wearing  facemasks for a while  which is all the more reason to find one that you like with uâ€¦  
680,a land without faces | opinion | lifesite  masks  facemasks  scamdemic2021   
681, covid19outbreak lest we forget that covid is still with us  ensure you adhere to ministry of health guidelines  keâ€¦  
682,glasses-wearers  a mask that is not properly sealed could mean foggy lenses  while an anti-fog spray might help  spâ€¦  
683,is it right or wrong for children to wear face masks in school  can it affect their education  is there any expâ€¦  
684,adjustable over the head blue face mask cotton washable fashion blue face covering  â€¦  
685,polka dot face mask navy blue white batik cotton  facemask handmade in usa    etsyshopâ€¦  
686, violet  face  mask   cotton  reusable -  washable  facemask  violet  cotton  handmade mask  dust face mask  houseâ€¦  
687, gifts  tshirts  homedecorideas  bags  mugs  tech  office  wallart  facemasksdesign the librarian  80s  moviesâ€¦  
688, belfast art on       wallart  homedecor  phonecases  love  mugs  fleeceblanketsâ€¦  
689,mergansers on the eve of spring    spring2021  ducks  merganser  art  thephotohourâ€¦  
690,red face mask over the head adjustable scarlet crimson red print face mask face cover    etsyâ€¦  
691,full of wonderavailable at       facemask  mask  badge  tshirt  stickerâ€¦  
692,cute black cats and paws pattern premium face mask    cats  paws  covid  facemasks  covid19â€¦  
693,yes  please still wear your masks buy a few of my art masks here (link also in my bio)    â€¦  
694, green and beige  tartan face mask   fitted cotton reusable - washable  facemask  tartan  handmade dust face mask â€¦  
695, red and  white  stars face  mask  reusable and washable mouth cover   facemask   handmade artsy face mask  all sizâ€¦  
696,blue sea glitter mermaid fish scales pattern premium face mask     mermaids  fantasy  glitterâ€¦  
697,patchwork quilt the current favorite     thank you for your support and staying safe ğŸ‘ğŸ½ğŸ˜·   facemasks  etsyâ€¦  
698,loving my new face masks  facemask  facemasks  mask  etsy  onlineshopping  shopping  covid19  staysafe  
699,flag design face mask ğŸ‡¨ğŸ‡®ğŸ´ó §ó ¢ó ¥ó ®ó §ó ¿ğŸ´ó §ó ¢ó ³ó £ó ´ó ¿ğŸ‡¹ğŸ‡·ğŸ‡µğŸ‡°lots of choices for many countries    flagâ€¦  
700,at the same time  the cases do show that u can still get  infected after you get the  covid19  vaccine so you stillâ€¦  
701,ğŸ˜· web exclusive buy 2 vera bradley frames  get 2 vera bradley face masks and/or buy 2 ducks unlimited frames  get 2â€¦  
702,ğŸ˜ portable uvc wand ğŸ˜  starting at rs 1 500 00  show now ğŸ‘‰ğŸ‘‰    ary  facemask  pakistanâ€¦  
703,men's face mask gray adjustable over the head cotton mask with toggle grey waves face coveringâ€¦  
704,ğŸŒ¸âœ‹ğŸŒ¼ğŸ˜·ğŸ’®ğŸ‘ğŸŒ¸ğŸ˜·ğŸŒ¼âœ‹ğŸ’® facemasks  facemasks4all gifts  shoppingonline  healthandsafety onlineshopping  socialdistancingâ€¦  
705,jeremiah 29 11 blue flowers face  mask - this design also available as scarves  shirts  tshirts  hoodies  tank topsâ€¦  
706,  strange that we never hear about third  covid19 waves battering florida i thought  facemasksâ€¦  
707, mumbai  staysafe  facemask  covid_19 itâ€™s been a year now and we have increasing cases   simply following theseâ€¦  
708,it's almost  spring which means after that comes  summer floral face mask aqua gray  tropical adjustable fittedâ€¦  
709,hey   if anyone needs  ppe  our friends at   have  facemasks for sale  the regular disposable masks are $35â€¦  
710,marunouchi  ticket hall  tokyo station  face mask by lyl dil creations  click on the link for more info   facemaskâ€¦  
711, lobster face mask red adjustable soft elastic  facemask handmade usa    etsyshopâ€¦  
712,has anyone else noticed less people wearing masks in the past week  even in the supermarkets  are people starting tâ€¦  
713,for your information   educators   facemasks do harm  are you harming children psychosocial  biologicalâ€¦  
714,just a few left of my  facemasks theyâ€™re adjustable  so you get a snug fit and best of all  washable &amp; reusable  caâ€¦  
715,add a face mask to your skincare routine to satisfy your self-care fix whether you are off from school or work  youâ€¦  
716,these days  facemasks r biggest confidence building instruments available to anybody  tell me if i am wrong 
717,well  i have been busy updating my redbubble store again  as we start to head out of lockdown and back into the shoâ€¦  
718, fridayfeeling i am a kindergarten teacher and we are in need of  facemasks  i have some on my  amazonwishlist if aâ€¦  
719,teal purple face mask   via    giftideas  gifts  facemask  cottonfacemask  
720,bilal   a 12 years old  moroccan child invents a  facemask that prevents the spread of infection through coughing oâ€¦  
721,solicitors - we supply all personal protection equipment  let us help make your environment safer for your staff anâ€¦  
722,black and white purple face mask fitted adjustable colorful cotton aboriginal art print purple face coveringâ€¦  
723,ğŸ˜· march promotion ğŸ˜·* g&amp;w n95 disposable face masks   r9-95 incl  each* nrcs/fda/sgs/armscor approved &amp; certifiedâ€¦  
724,quality adult  men &amp; women's cloth  facemasks by   protect yourself &amp; make someone  laugh andâ€¦  
725,struggling with  maskne  you aren't alone  here are our top tips for stopping breakouts under your  facemask and acâ€¦  
726,24 masks and face shields to protect yourself during covid-19   facemask  faceshield  covid19
727,decepticons - buy 4+ face masks get 20% off   â €  â €â € transformers  decepticonsâ€¦  
728,so my wife watches medical drama on tv     i noticed in hospital no masks outside hospital they wear masks ğŸ¤” facemask  covidvaccine  covid19
729,blue face mask with toggle adjustable over the head fashion mask blue waves face covering  â€¦  
730,cool look  yoda  yodamemes  babyyoda  babyyodamemes  starwars  themandalorian  mando  mandalorian  disneyâ€¦  
731,butterflies face mask butterfly multi pastels fitted adjustable  facemask  etsyshop  etsyhandmade  shopsmallâ€¦  
732,pink flowers face mask blue floral adjustable fitted  facemask handmade usa  etsyshop  etsyhandmade  facemasksâ€¦  
733,colorful aboriginal art print face mask with toggle black and white adjustable face covering over the head mask busâ€¦  
734,pink green face mask adjustable handmade  etsyshop  etsyhandmade  facemasks  facemasksforsale  fashion  giftideasâ€¦  
735,mens black route 66 adjustable over the head face mask cotton fashion face covering alexander henry car maskâ€¦  
736,this just might be the last face mask you'll ever need  at some point all of us can perhaps pack them away  but forâ€¦  
737,we are all doing our best in these difficult times  let's make the world a little bit safer by wearing our masks â€¦  
738,ğŸŒ¸âœ‹ğŸŒ¼ğŸ˜·ğŸ’®ğŸ‘ğŸŒ¸ğŸ˜·ğŸŒ¼âœ‹ğŸ’® facemasks  facemasks4all gifts  shoppingonline  healthandsafety  onlineshopping  socialdistancingâ€¦  
739,this is the mindset why the  scamdemic is still alive and  facemasks are becoming mandatory  these people will neveâ€¦  
740,floral face mask coral peach flowers on beige  facemask handmade usa    etsyshopâ€¦  
741,nashville man falls asleep at wheel but has incredible dream     music  driving  nashville  sleep  facemasks  tired
742,thanks  villainouspropshop for these insane  3dprinted  facemasks   oni  shogun  mortalkombat  scorpion  subzeroâ€¦  
743,the authorities made wearing of  facemasks compulsory in public places in north kashmirâ€™s  bandipora district in viâ€¦  
744,paisley face mask -   via    giftideas  gifts  facemask  cottonfacemask  
745,red face mask aboriginal art print mask adjustable fitted over the head blue face covering scarlet crimson ruby redâ€¦  
746,good afternoon tweeples  how are you doing today please wear a mask and do tell people who are not wearing one â€¦  
747,save 30% on all face masks  visit store for details and promo code  brunnera flowers and leaves floral adult clothâ€¦  
748,masks and social distancing could last years -   -  autg    facemasks  covid19â€¦  
749,blue  birds face mask washable reusable red yellow cotton cloth fabric cute masks cover handmade in usa    facemask
750, masks desgned by pasob    facemask  masks  facecover  clothmasks  custommasksâ€¦  
751,black and white face mask aboriginal art print mask adjustable over the head face covering bush tuckerâ€¦  
752, maskup  mask  maskssavelives  maskenforcement  masks  covid19   covidisairborne  masksdontwork  lockdown2021â€¦  
753,   zazzle  black  solid  color  fabric  mask $12 95  custom  stayhealthy  shopsmall  sale 30%â€¦  
754,dark green face mask cotton washable reusable adjustable over the head team colors green bay packers mask celtics jâ€¦  
755,adjustable over the head blue face mask cotton washable fashion blue face covering  â€¦  
756,ğŸ˜±ğŸ˜± use my code-nat22-for 15% off ğŸ‰ nataliemillscollection  nataliemillsambassador  facemask  uae  covid19  honuâ€¦  
757,kick the covid out  get selected covid protection products at an additional 30% off  use code cv30 at the checkoutâ€¦  
758,palm  sunday prints    wallart  homedecor  phonecases  palmsunday   mugs  fleeceblanketsâ€¦  
759, turquoise  mint  lace  facemask  cotton jersey 3 layer   bridesmaids  mask   bridal  wedding face mask   handmadeâ€¦  
760, beach face mask  tropical colors cotton adjustable  facemask handmade usa    rocteamâ€¦  
761,colorful designer face mask with toggle multi color aboriginal art print mask adjustable face covering blue green yâ€¦  
762,floral face mask rose pink flowers black fitted adjustable  facemask handmade usa  etsyshop  etsyhandmadeâ€¦  
763,   handwritten  sheet  music  song  musical  notes  mask $12 95 20% off  code zazzlegift20 enâ€¦  
764,sign of the times   covid  facemasks  
765, easter face mask pastels easter egg cotton adjustable  facemask handmade usa    bonanzaâ€¦  
766, covid19india cases are on rise again all over the country plz don't neglect primary preventive measures of infecâ€¦  
767,guatemalan face masks available for sale in my ebay  $15 link in my bio   guatemala  corte  cortefabric  pinkâ€¦  
768,protect your face and neck from the sun with a taco marine sun shield neck gaiter  get yours now onâ€¦  
769,fashion face mask sequin glitter bling cover nose mouth washable reusable usa  fashion  facemask  blingâ€¦  
770, black holo  sequin face  mask   mesh one layer  adjustable  facemask  mask cover  reusable and  washable  fashionâ€¦  
771,reusable  yorkie  designer  dog  art  facemasks - washable in hot water   masks are 2 layered and made of 100% brusâ€¦  
772,reusable adjustable navy stars face mask white stars and stripes batik cotton over the head fashion face coveringâ€¦  
773,happy friday  ğŸ™‚the finish line is in sight  but we aren't there yet for all your  ppe needs  visitâ€¦  
774,ğŸŒ¸âœ‹ğŸŒ¼ğŸ˜·ğŸ’®ğŸ‘ğŸŒ¸ğŸ˜·ğŸŒ¼âœ‹ğŸ’® facemasks  facemasks4all gifts  shoppingonline  healthandsafety  onlineshopping  socialdistancingâ€¦  
775,paisley face mask pink rose adjustable fitted  facemask handmade usa  etsyshop  etsyhandmade  facemasksâ€¦  
776,purple face mask violet   via    giftideas  gifts  facemask  cottonfacemask  
777,selling   nitrilegloves   1860  facemasks   vaccines  sputnikv   syringes  contact sales    oâ€¦  
778,green flowers face mask   via    giftideas  gifts  facemask  cottonfacemask  
779,our dairy cow print   olson  facemasks are popular  pop over to our  etsy shop to order yours today  we offerâ€¦  
780,everyday at the office     ğŸ˜·ğŸ™ŒğŸ–¥ï¸ facemask  mask  alcohol  ethylalcohol  work  office  itc  ppeâ€¦  
781, labradorretriever at the beach reusable  facemasks - washable in hot water and can be tumbled dry  masks are 2 layâ€¦  
782,"if you believe that face masks work you might as well sell some ""facebuns"" to the maskers     facemasksforsaleâ€¦  "
783,for your information  i canâ€™t imagine school teachers wanting to harm children  ao why are so many teaâ€¦  
784,cute bunny cartoon happy easter egg hunt kids' cloth face mask  zazzle  mask  coronavirus  zazzle  zazzlemadeâ€¦  
785,"""almost cut my hair"" available at maskairaid   shop now ğŸ‘‰    free shipping    facemasksâ€¦  "
786,this morning i shut off the internet &amp; went for a 7km walk  saw only 2 people with  covid19  facemasks  said to a gâ€¦  
787,black 100%cotton face mask with filter pocket   via    goth  gothic  washablefacemaskâ€¦  
788, facemask bird of paradise  tropical flower  strelitzia strelitziaceae  birdofparadise  paradiseflower  cranelilyâ€¦  
789,pink  facemask   geometrical print  fitted  reusable and  washable lycra face mask  dust home choir face mask  hairâ€¦  
790,medical mask can applied in daily protective purpose  hospital  laboratory  food industry  workshop  etc  effectiveâ€¦  
791,product of the week  small jsp force 8 masks have been sought-after for a long time now and we are very happy toâ€¦  
792,hey   if anyone needs  ppe  our friends at   have  facemasks for sale  the regular disposable masks are $35â€¦  
793, easter is just around and it's a great excuse to buy yourself a new mask  ğŸ°we have some great new designs waitinâ€¦  
794, sailboats face mask schooner  nautical  sailing  boating blue adjustable fitted  facemask handmade usa  etsyshopâ€¦  
795,ğŸ¦ daily routines are hard to keep during quarantine ğŸ why not make some fun out of them  ğŸ¤£ oversleep  dogloverâ€¦  
796,  thank you for this beautiful prize   ğŸ˜ foreocelebrateswomen  foreoiwd2021  payitforwardwithforeoâ€¦  
797,thanks  _vantas of   for these insane  3dprinted  facemasks   oni  shogun  mortalkombatâ€¦  
798,nexvoo breeze transparent  mask    maskup  facemask  facemasks  healthforall  wearamaskâ€¦  
799,face mask   via    facemask  coronavirus  covid  covid19  disease  health  hygieneâ€¦  
800,today (3/17)  dole plantation is closed for deep cleaning  we hope to see you tomorrow for a pineapple adventure ğŸ¤™â€¦  
801, zazzle  custom  facemasks  masks  mask  facemasksforsale  sale 20% off  code zazzlegift20 ends  mar17 2021â€¦  
802,with the increasing positive cases in india  this is an attempt to understand why or why not people wear  facemasksâ€¦  
803, bekind  besafe  oneofakind  facemasks $15 or 2 for $25 free shipping anywhere  dm if interested   sherriready  â€¦  
804,just saw this on  amazon  disposable  facemasks of 50 pack disposable mask-black by sudilo for $13 99â€¦  
805,get my art printed on awesome products on redbubble  rbandme      findyourthing  redbubbleâ€¦  
806,ğŸŒ¸âœ‹ğŸŒ¼ğŸ˜·ğŸ’®ğŸ‘ğŸŒ¸ğŸ˜·ğŸŒ¼âœ‹ğŸ’® facemasks  facemasks4all gifts  shoppingonline  healthandsafety  onlineshopping  socialdistancingâ€¦  
807,jade green floral face mask batik yellow flowers adjustable  etsyshop  etsyhandmade  shopsmall  rocteam  facemasksâ€¦  
808,it's the ppe blowout sale  shop price drops on sanitizers  masks and more  now    â€¦  
809,cute bunny ears cartoon happy easter egg hunt adult cloth face mask  zazzle  mask  coronavirus  zazzle  zazzlemadeâ€¦  
810,adult premium face mask - bandana pattern   --- kids premium face mask - bandana patternâ€¦  
811,cotton face mask floral rose blue double layer fabric washable reusable  handmade    facemask
812,floral face mask -   via    giftideas  gifts  facemask  cottonfacemask  
813,"kaiwudesign provides ""save a life wear a mask""  printedfacemasks for you at affordable price  non-medicalâ€¦  "
814,eight ways to make wearing a face mask fun    covid19  facemasks  pandemic  covididiots  life  bloggerstribe  blogâ€¦  
815,protection  streetphotography  photography  photooftheday  streets  streetstyle  streetsnap  monochromeâ€¦  
816,ğŸŒ¸âœ‹ğŸŒ¼ğŸ˜·ğŸ’®ğŸ‘ğŸŒ¸ğŸ˜·ğŸŒ¼âœ‹ğŸ’® facemasks  facemasks4all gifts  shoppingonline  quarantine  healthandsafety  onlineshoppingâ€¦  
817,this weekend only  check out this collection and get 30% off  facemasks with code marchtreat4u &gt;&gt;â€¦  
818,floral maroon cranberry face mask - flowers - beige colors neutral earth tones cotton adjustable fittedâ€¦  
819,red face mask fitted over the head adjustable blue face covering colorful aboriginal art print scarlet crimson rubyâ€¦  
820,chic leopard print pink roses modern pattern premium face mask    covid  facemasks  covid19â€¦  
821,"""what a piece of junk "" - luke skywalkershow your support for the fastest hunk of junk in the galaxy with this miâ€¦  "
822,mens black route 66 adjustable over the head face mask cotton fashion face covering alexander henry car maskâ€¦  
823,colorful fitted 3 layer masksproduct link     rbandme  redbubble  redbubblegiftideasâ€¦  
824,exercise and keep fit  under armour face mask cover 3 layer washable breathable  gym workout sports buy now -â€¦  
825,green flowers face mask floral white on green adjustable fitted  facemask handmade usa  etsyshop  etsyhandmadeâ€¦  
826,   police too busy looking for people not wearing  facemasks presumably
827,planning ahead to go back to face to face business  delighted with our hand made double &amp; triple layered face masksâ€¦  
828,this weekend only  check out this collection and get 30% off  facemasks &gt;&gt;   via  â€¦  
829,can't believe we're running low on these beautiful bee  facemasks already  ğŸğŸ(absolutely can believe it  they'reâ€¦  
830,ğŸŒ¸âœ‹ğŸŒ¼ğŸ˜·ğŸ’®ğŸ‘ğŸŒ¸ğŸ˜·ğŸŒ¼âœ‹ğŸ’® facemasks  facemasks4all gifts  shoppingonline  healthandsafety onlineshopping  socialdistancingâ€¦  
